scenario_id;scenario_type;reference;gl_account;organizer_note
IC-001;Acquisition journal;J24ICACQ;0600/1430;Acquisition booked in July 2024 by memorial journal
IC-002;Current-account funding;B24ICACQ;1430;Bank payment funds daughter after acquisition
IC-003;Service invoice to daughter;V249904;8100/1300;Parent invoices setup/implementation services to daughter.
IC-004;Recurring service invoices;V259901/V259902;8100/1300;Parent charges management and workshop capacity to daughter.
IC-005;Service invoices from daughter;I259903/I259904;4666/1700;Daughter recharges lease administration/service desk costs.
IC-006;Open current account;IC-MWLS-RC-*;1430;Payments over and again 
IC-007;Filed tax payments;VAT-FILED/CIT/WAGE refs;1870/1880/1900;Bank payments


This file appears to be a register of intercompany transactions, detailing various scenarios such as:
- acquisitions,
- service invoices,
- and tax payments between a parent company and its subsidiary.
Each entry includes a:
- scenario_id: unique scenario ID,
- scenario_type: the type of transaction/event,
- reference: a reference code,
- gl_account: the general ledger accounts involved,
- organizer_note: and notes from the organizer providing context for each transaction.
The register is likely used for tracking and reconciling intercompany activities in the financial records.

Some insights:
- This company has a a daughter/subsidiary company:
  - there are various transactions between the parent and daughter, including:
    - acquisitions: gl_account 1430 - Bank payment funds daughter after acquisition
    - service invoices:
        - To daughter:gl_account 8100/1300 - Parent invoices setup/implementation services to daughter.
        - From daughter: gl_account 4666/1700 - Daughter recharges lease administration/service desk costs.
    - and tax payments.
- The parent company acquired the daughter/subsidiary in July 2024.
  - IC-001 Acquisition journal
  - The acquisition was booked through: a memorial/general journal entry
  - Reference: J24ICACQ
  - GL accounts: 0600/1430
- After the acquisition, there was a bank payment to fund the daughter/subsidiary:
  - IC-002 Current-account funding
  - Reference: B24ICACQ
  - GL accounts: 1430
- The parent company provides services to the daughter/subsidiary and invoices for those services:
  - IC-003 Service invoice to daughter
  - Reference: V249904
  - GL accounts: 8100/1300
- There are also recurring service invoices for management and workshop capacity charged to the daughter:
  - IC-004 Recurring service invoices
  - Reference: V259901/V259902
  - GL accounts: 8100/1300
- The daughter/subsidiary also invoices the parent company for lease administration and service desk costs:
  - IC-005 Service invoices from daughter
  - Reference: I259903/I259904
  - GL accounts: 4666/1700
  - NOTE: This is a bidirectional intercompany relationship.
- There is an open current account.
  - Implies many transactions (Payments over and again)?
  - IC-006 Open current account
  - Reference: IC-MWLS-RC-*
  - GL accounts: 1430, indicating ongoing payments.
- Lastly, there are filed tax payments (which we already encountered in the tax payment schedule):
  - IC-007 Filed tax payments
  - Reference: VAT-FILED/CIT/WAGE refs
  - GL accounts: 1870/1880/1900, which correspond to VAT payable, corporate income tax, and wage tax payable respectively.


- GL account mappings (we now know where tax liabilities live in the ledger):
  - 1870: VAT payable
  - 1880: Corporate income tax
  - 1900: Wage tax payable
  - 1430: Current accounts

- Abbreviations:
  - IC: Intercompany
  - ACQ: Acquisition
  - RC: rekening-courant AKA current account
  - CIT: Corporate Income Tax
  - VAT: Value Added Tax
  - WAGE: Wage tax
  - 24/25: Years 2024/2025
  - As such, IC-MWLS-RC-* : Intercompany - MWLS (company name) - rekening-courant (RC) - * (various references)
  Ones I'm still unsure of:
    - V: "verkoop" (sales invoice) - Customer invoice / revenue e.g. Parent invoices setup/implementation services to daughter.
    - I: "inkoop" (purchase invoice) - Supplier invoice / expense e.g. Daughter recharges lease administration/service desk costs.
    - B: Bankboeking (bank transaction) - Cash movement e.g. Bank payment funds daughter after acquisition
    - J: Journaalpost (journal entry) - Manual GL posting e.g. Acquisition booked in July 2024 by memorial journal
